source_id,source_group,work_id,doi,pmid,mag,title,publication_year,publication_date,type,language,cited_by_count,referenced_works_count,locations_count,countries_distinct_count,institutions_distinct_count,fwci,is_retracted,is_paratext,has_fulltext,oa_is_oa,oa_status,biblio_volume,biblio_issue,biblio_first_page,biblio_last_page,primary_topic,primary_topic_subfield,primary_topic_field,primary_topic_domain,primary_source_display_name,primary_source_type,primary_source_issn_l,created_date,updated_date
S13948593,nais,W4405954328,10.1177/11771801241309817,NA,NA,Paradigmatic disharmonies and dilemmas in special educational practices for Sámi children and youth in Norway,2024,12/30/2024,article,en,1,10,1,1,2,NA,FALSE,FALSE,FALSE,TRUE,hybrid,21,1,130,138,NA,NA,NA,NA,AlterNative An International Journal of Indigenous Peoples,journal,1174-1740,2025-10-10T00:00:00,2025-11-06T03:46:38.306776
S13948593,nais,W4416195878,10.1177/11771801251388673,NA,NA,Navigating complex spaces: experiences of Māori working for the Crown in Aotearoa,2025,11/12/2025,article,en,0,10,1,1,4,NA,FALSE,FALSE,FALSE,TRUE,hybrid,NA,NA,NA,NA,NA,NA,NA,NA,AlterNative An International Journal of Indigenous Peoples,journal,1174-1740,2025-11-13T00:00:00,2025-11-28T07:31:14.872272
S13948593,nais,W4416303511,10.1177/11771801251374127,NA,NA,He Huarahi Tautoko: intergenerational model for learning,2025,11/17/2025,article,en,0,31,1,4,17,NA,FALSE,FALSE,FALSE,TRUE,hybrid,22,1,222,234,NA,NA,NA,NA,AlterNative An International Journal of Indigenous Peoples,journal,1174-1740,2025-11-18T00:00:00,2026-02-22T13:39:03.778224
S13948593,nais,W4416997270,10.1177/11771801251388510,NA,NA,Fijian veitalanoa: an ontological exploration of Oceania oralities through silence,2025,12/4/2025,article,en,0,26,1,3,5,NA,FALSE,FALSE,FALSE,FALSE,closed,NA,NA,NA,NA,NA,NA,NA,NA,AlterNative An International Journal of Indigenous Peoples,journal,1174-1740,2025-12-04T00:00:00,2025-12-05T23:21:25.405358
S13948593,nais,W4417351157,10.1177/11771801251392925,NA,NA,Indigenous women’s health and data sovereignty: imagining an Indigenous research methodology using quantitative methods,2025,12/15/2025,article,en,0,45,1,1,4,NA,FALSE,FALSE,FALSE,TRUE,hybrid,22,1,3,13,NA,NA,NA,NA,AlterNative An International Journal of Indigenous Peoples,journal,1174-1740,2025-12-16T00:00:00,2026-02-22T13:39:03.778224
S13948593,nais,W4417354185,10.1177/11771801251392926,NA,NA,Mitakuye oyasin (all my relations): navigating our research journey through the co-creation and sharing of an Indigenous physical literacy enriched early years initiative,2025,12/15/2025,article,en,0,37,1,1,11,NA,FALSE,FALSE,FALSE,TRUE,hybrid,22,1,154,165,NA,NA,NA,NA,AlterNative An International Journal of Indigenous Peoples,journal,1174-1740,2025-12-16T00:00:00,2026-02-22T13:39:03.778224
S13948593,nais,W7118546369,10.1177/11771801251398066,NA,NA,“Operating in the margins”: Pacific researchers’ reflections on positionality in Pacific research,2026,1/8/2026,article,en,0,34,1,2,14,0,FALSE,FALSE,FALSE,TRUE,hybrid,NA,NA,NA,NA,"Indigenous Health, Education, and Rights",Health,Social Sciences,Social Sciences,AlterNative An International Journal of Indigenous Peoples,journal,1174-1740,2026-01-08T00:00:00,2026-01-09T23:09:53.351390
S13948593,nais,W7119529981,10.1177/11771801251398575,NA,NA,Hearing Australian Aboriginal stories to develop recommendations towards improving the psychology discipline: an Indigenous yarning methodological perspective,2026,1/9/2026,article,en,0,29,1,1,3,0,FALSE,FALSE,FALSE,TRUE,hybrid,22,1,211,221,"Indigenous Health, Education, and Rights",Health,Social Sciences,Social Sciences,AlterNative An International Journal of Indigenous Peoples,journal,1174-1740,2026-01-09T00:00:00,2026-02-22T13:39:03.778224
S13948593,nais,W7123743701,10.1177/11771801251404815,NA,NA,“Shame job”: the exclusion of Aboriginal and Torres Strait Islander peoples in genomics and precision medicine,2026,1/14/2026,article,en,0,10,1,1,2,0,FALSE,FALSE,FALSE,TRUE,hybrid,NA,NA,NA,NA,"Indigenous Health, Education, and Rights",Health,Social Sciences,Social Sciences,AlterNative An International Journal of Indigenous Peoples,journal,1174-1740,2026-01-14T00:00:00,2026-01-15T23:16:33.117629
S13948593,nais,W7126418264,10.1177/11771801251412977,NA,NA,Supporting Indigenous self-determination through institutional readiness for change: Indigenous cultural safety considerations for research administration from the British Columbia Network Environment for Indigenous Health Research,2026,1/31/2026,article,en,0,26,1,2,3,0,FALSE,FALSE,FALSE,TRUE,hybrid,22,1,134,143,"Indigenous Health, Education, and Rights",Health,Social Sciences,Social Sciences,AlterNative An International Journal of Indigenous Peoples,journal,1174-1740,2026-02-02T00:00:00,2026-02-22T13:39:03.778224
S13948593,nais,W7126438973,10.1177/11771801251404810,NA,NA,Climate resilience in the Pacific: Indigenous learning for a more sustainable future,2026,1/31/2026,article,en,0,30,1,2,2,0,FALSE,FALSE,FALSE,TRUE,hybrid,22,1,90,98,"Climate Change, Adaptation, Migration",Sociology and Political Science,Social Sciences,Social Sciences,AlterNative An International Journal of Indigenous Peoples,journal,1174-1740,2026-02-02T00:00:00,2026-02-22T13:39:03.778224
S13948593,nais,W7128062415,10.1177/11771801251405193,NA,NA,"Women, (re)birth and collective wellbeing on Barkindji Kiira",2026,2/5/2026,article,en,0,54,1,2,11,0,FALSE,FALSE,FALSE,TRUE,hybrid,NA,NA,NA,NA,Indigenous Knowledge Systems and Agriculture,Plant Science,Agricultural and Biological Sciences,Life Sciences,AlterNative An International Journal of Indigenous Peoples,journal,1174-1740,2026-02-07T00:00:00,2026-02-07T06:15:42.627816
S13948593,nais,W7128515616,10.1177/11771801251409186,NA,NA,From capacity-building to capacity-bridging: Indigenous Research Liaisons as a strategic intervention to bridge Indigenous communities’ capacities in the British Columbia health research environment,2026,2/10/2026,article,en,0,18,1,2,4,0,FALSE,FALSE,FALSE,TRUE,hybrid,NA,NA,NA,NA,"Indigenous Health, Education, and Rights",Health,Social Sciences,Social Sciences,AlterNative An International Journal of Indigenous Peoples,journal,1174-1740,2026-02-11T00:00:00,2026-02-11T22:13:25.172316
S13948593,nais,W7129737334,10.1177/11771801251407847,NA,NA,Tłıchǫ nàowoò hoghàseètǫǫ: learning a strong like two research methodology through the exploration of community-centered curation practices,2026,2/16/2026,article,en,0,13,1,1,1,0,FALSE,FALSE,FALSE,TRUE,hybrid,NA,NA,NA,NA,"Indigenous Health, Education, and Rights",Health,Social Sciences,Social Sciences,AlterNative An International Journal of Indigenous Peoples,journal,1174-1740,2026-02-18T00:00:00,2026-02-18T06:25:47.457606
S2764868871,nais,W2945807759,10.1017/jie.2019.11,NA,2945807759,‘Wings to Fly’: A Case Study of Supporting Indigenous Student Success through a Whole-of-University Approach – ERRATUM,2019,6/6/2019,erratum,en,3,32,2,0,4,0.2382879,FALSE,FALSE,TRUE,TRUE,diamond,48,2,206,206,"Indigenous Health, Education, and Rights",Health,Social Sciences,Social Sciences,The Australian Journal of Indigenous Education,journal,1326-0111,2025-10-10T00:00:00,2026-02-05T00:54:17.221276
S2764868871,nais,W4239208071,10.1017/jie.2018.6,NA,NA,Editorial,2018,7/12/2018,editorial,en,1,3,2,0,3,0,FALSE,FALSE,TRUE,TRUE,diamond,47,1,iii,iv,"Indigenous Health, Education, and Rights",Health,Social Sciences,Social Sciences,The Australian Journal of Indigenous Education,journal,1326-0111,2022-05-12T00:00:00,2026-02-05T00:54:17.221276
S4210174853,nais,W3118007216,10.5663/aps.v9i1.29364,NA,3118007216,Freins à la mise en œuvre en contexte canadien de la Déclaration des Nations Unies sur les droits des Peuples autochtones,2020,12/18/2020,article,fr,1,41,2,1,2,0.2673,FALSE,FALSE,TRUE,TRUE,diamond,9,1,NA,NA,Indigenous Studies and Ecology,General Health Professions,Health Professions,Health Sciences,aboriginal policy studies,journal,1923-3299,2025-10-10T00:00:00,2025-11-06T03:46:38.306776
S27405227,nais,W2015074728,10.1007/s10393-012-0772-8,22777051,2015074728,Mainstreaming One Health,2012,6/1/2012,editorial,en,109,15,5,4,6,7.8536,FALSE,FALSE,TRUE,TRUE,hybrid,9,2,107,110,Zoonotic diseases and public health,"Public Health, Environmental and Occupational Health",Medicine,Health Sciences,EcoHealth,journal,1612-9202,2025-10-10T00:00:00,2026-02-25T23:00:34.991745
S27405227,nais,W2187651923,10.1007/s10393-015-1083-7,26631382,2187651923,Changing Discourses in Climate Health: An Anti-disciplinary Perspective,2015,12/2/2015,letter,en,4,8,2,1,2,0.36751009,FALSE,FALSE,FALSE,FALSE,closed,13,1,4,5,Climate Change and Health Impacts,"Health, Toxicology and Mutagenesis",Environmental Science,Physical Sciences,EcoHealth,journal,1612-9202,2025-10-10T00:00:00,2026-01-13T01:12:25.745995
S2739297695,nais,W2341251189,10.18584/issn.1916-5781,NA,2341251189,The International Indigenous Policy Journal,2020,9/3/2020,paratext,en,50,360,1,0,0,NA,FALSE,TRUE,FALSE,TRUE,diamond,NA,NA,NA,NA,"Indigenous Health, Education, and Rights",Health,Social Sciences,Social Sciences,International Indigenous Policy Journal,journal,1916-5781,2025-10-10T00:00:00,2025-11-06T03:46:38.306776
S2764525582,nais,W4392925714,10.32799/ijih.v19i1.41140,NA,NA,Meaningful Positioning,2024,3/17/2024,article,en,1,17,1,1,2,NA,FALSE,FALSE,TRUE,TRUE,diamond,19,1,NA,NA,NA,NA,NA,NA,International Journal of Indigenous Health,journal,2291-9368,2025-10-10T00:00:00,2025-12-23T23:11:35.936235
S59607649,nais,W2469073664,10.1353/lar.2016.0029,NA,2469073664,El proceso de formulación de políticas públicas indígenas en Chile: El caso del gobierno de Patricio Aylwin (1990–1994),2016,1/1/2016,article,es,5,17,1,0,1,6.5715,FALSE,FALSE,FALSE,FALSE,closed,51,2,107,127,"Migration, Education, Indigenous Social Dynamics",Cultural Studies,Social Sciences,Social Sciences,Latin American Research Review,journal,0023-8791,2025-10-10T00:00:00,2025-11-06T03:46:38.306776
S59607649,nais,W2076211357,10.1353/lar.2014.0012,NA,2076211357,"Etnicidad, movimientos sociales y protesta: ¿Cómo interpretar la movilización y la política indígena en el siglo XXI?",2014,1/1/2014,article,es,1,14,3,0,1,0,FALSE,FALSE,FALSE,FALSE,closed,49,1,242,250,Politics and Society in Latin America,Political Science and International Relations,Social Sciences,Social Sciences,Latin American Research Review,journal,0023-8791,2025-10-10T00:00:00,2025-11-06T03:46:38.306776
S59607649,nais,W4312648995,10.1017/s0023879100037572,NA,NA,Author-Title Index,1996,1/1/1996,article,en,1,318,1,1,467,NA,FALSE,FALSE,TRUE,TRUE,bronze,31,4,1,106,NA,NA,NA,NA,Latin American Research Review,journal,0023-8791,2023-01-05T00:00:00,2026-01-09T06:25:30.743933
S59607649,nais,W4312825763,10.1017/s0023879100037596,NA,NA,Country-Region Index,1996,1/1/1996,article,en,1,271,1,1,367,NA,FALSE,FALSE,TRUE,TRUE,bronze,31,4,215,270,NA,NA,NA,NA,Latin American Research Review,journal,0023-8791,2023-01-05T00:00:00,2026-01-09T06:25:30.743933
S4210233755,nais,W4244025731,10.20507/maijournal.2021.10.1,NA,NA,NA,2021,6/29/2021,paratext,NA,3,17,1,1,80,NA,NA,TRUE,TRUE,TRUE,diamond,10,1,NA,NA,NA,NA,NA,NA,MAI Journal A New Zealand Journal of Indigenous Scholarship,journal,2230-6862,2022-05-12T00:00:00,2026-01-09T06:25:30.743933
S4210233755,nais,W2762175634,10.20507/maijournal.2017.6.2.2,NA,2762175634,Developing mahi-toi theory and analysis,2017,1/1/2017,article,en,2,46,1,1,1,NA,FALSE,FALSE,TRUE,TRUE,diamond,6,2,NA,NA,NA,NA,NA,NA,MAI Journal A New Zealand Journal of Indigenous Scholarship,journal,2230-6862,2025-10-10T00:00:00,2026-02-24T19:35:01.260952
S4210233755,nais,W2800164487,10.20507/maijournal.2018.7.1.7,NA,2800164487,An iwi homeland: Country of the heart,2018,1/1/2018,article,de,2,31,1,2,2,NA,FALSE,FALSE,TRUE,TRUE,diamond,7,1,NA,NA,NA,NA,NA,NA,MAI Journal A New Zealand Journal of Indigenous Scholarship,journal,2230-6862,2025-10-10T00:00:00,2026-02-24T19:35:01.260952
S4210233755,nais,W2774948358,10.20507/maijournal.2017.6.2.15,NA,2774948358,Hui e! Tāiki e! United and ready to progress the purpose,2017,1/1/2017,article,en,0,8,1,1,1,NA,FALSE,FALSE,TRUE,TRUE,diamond,6,2,NA,NA,NA,NA,NA,NA,MAI Journal A New Zealand Journal of Indigenous Scholarship,journal,2230-6862,2025-10-10T00:00:00,2025-11-06T03:46:38.306776
S4210233755,nais,W4309544863,10.20507/maijournal.2022.11.1,NA,NA,NA,2022,11/1/2022,paratext,NA,0,61,1,0,0,NA,NA,TRUE,FALSE,TRUE,diamond,11,1,NA,NA,NA,NA,NA,NA,MAI Journal A New Zealand Journal of Indigenous Scholarship,journal,2230-6862,2022-11-28T00:00:00,2025-11-06T03:46:38.306776
S979866670,nais,W2034135534,10.1353/wic.2007.0008,NA,2034135534,The Future of Navajo Nationalism,2007,1/1/2007,article,tl,14,10,1,0,1,2.4277,FALSE,FALSE,FALSE,FALSE,closed,22,1,53,68,Indigenous Studies and Ecology,General Health Professions,Health Professions,Health Sciences,Wicazo Sa Review,journal,0749-6427,2025-10-10T00:00:00,2025-11-06T03:46:38.306776
S979866670,nais,W2044608200,10.1353/wic.2003.0002,NA,2044608200,Indian TM U.S.A.,2003,1/1/2003,article,tl,18,73,1,0,1,2.80393022,FALSE,FALSE,FALSE,FALSE,closed,18,1,25,79,International Development and Aid,Development,Social Sciences,Social Sciences,Wicazo Sa Review,journal,0749-6427,2016-06-24T00:00:00,2025-11-06T03:46:38.306776
S119514724,ps,W1773347055,10.1111/j.1541-0072.1995.tb00545.x,NA,1773347055,Policy Analysis Methods,1995,12/1/1995,article,en,18,1,1,1,1,NA,FALSE,FALSE,FALSE,FALSE,closed,23,4,712,715,NA,NA,NA,NA,Policy Studies Journal,journal,0190-292X,2025-10-10T00:00:00,2026-02-24T19:35:01.260952
S119514724,ps,W2616106937,10.1111/psj.12204,NA,2616106937,Editorial Note,2017,5/1/2017,editorial,en,0,35,1,1,1,0,FALSE,FALSE,FALSE,TRUE,bronze,45,2,244,246,Policy Transfer and Learning,Political Science and International Relations,Social Sciences,Social Sciences,Policy Studies Journal,journal,0190-292X,2017-05-26T00:00:00,2025-11-06T03:46:38.306776
S119514724,ps,W4236049410,10.1111/psj.12252,NA,NA,Editorial Note,2018,2/1/2018,editorial,en,0,8,1,1,1,0,FALSE,FALSE,FALSE,TRUE,bronze,46,1,4,6,Environmental Justice and Health Disparities,Sociology and Political Science,Social Sciences,Social Sciences,Policy Studies Journal,journal,0190-292X,2022-05-12T00:00:00,2025-11-06T03:46:38.306776
S175056054,ep,W7124447247,10.1016/j.enpol.2026.115080,NA,NA,When energy transitions drive polarization: Narratives of green energy and mitigation strategies by proponents and opponents of geothermal energy developments in Indonesia,2026,1/16/2026,article,en,0,52,1,2,4,0,FALSE,FALSE,FALSE,TRUE,hybrid,210,NA,115080,115080,Social Acceptance of Renewable Energy,Sociology and Political Science,Social Sciences,Social Sciences,Energy Policy,journal,0301-4215,2026-01-17T00:00:00,2026-01-17T23:15:25.596738
S2764593084,ep,W4416213004,10.1016/j.erss.2025.104418,NA,NA,Energy justice at the utility scale: Insights from Los Angeles's path to decarbonization,2025,11/14/2025,article,en,1,88,1,0,3,NA,FALSE,FALSE,FALSE,TRUE,hybrid,130,NA,104418,104418,NA,NA,NA,NA,Energy Research & Social Science,journal,2214-6296,2025-11-14T00:00:00,2026-02-18T08:19:44.376480
S2764593084,ep,W4415642762,10.1016/j.erss.2025.104417,NA,NA,"Youth engagement in community renewable energy in northern and Indigenous communities: Lessons from Peter Ballantyne Cree Nation and Frog Lake First Nation, Canada",2025,10/29/2025,article,en,0,56,1,1,3,NA,FALSE,FALSE,FALSE,TRUE,hybrid,130,NA,104417,104417,NA,NA,NA,NA,Energy Research & Social Science,journal,2214-6296,2025-10-29T00:00:00,2026-02-22T13:39:03.778224
S2764593084,ep,W4415711332,10.1016/j.erss.2025.104422,NA,NA,"Out of place, scale and time? Navigating injustices across mission arenas of the German Energiewende",2025,10/30/2025,article,en,0,100,2,1,3,NA,FALSE,FALSE,FALSE,TRUE,hybrid,130,NA,104422,104422,NA,NA,NA,NA,Energy Research & Social Science,journal,2214-6296,2025-10-30T00:00:00,2026-02-23T08:04:50.183275
S2764593084,ep,W4415898273,10.1016/j.erss.2025.104420,NA,NA,Justice and modern slavery in energy sector value chains,2025,11/5/2025,article,en,0,71,1,3,3,NA,FALSE,FALSE,FALSE,FALSE,closed,130,NA,104420,104420,NA,NA,NA,NA,Energy Research & Social Science,journal,2214-6296,2025-11-05T00:00:00,2026-02-20T08:17:22.645390
S2764593084,ep,W4416869626,10.1016/j.erss.2025.104462,NA,NA,"Reviewing metrics and indicators for energy, climate, and environmental justice: A synthesis of 25 years of research",2025,12/1/2025,article,en,0,104,1,0,10,NA,FALSE,FALSE,FALSE,TRUE,hybrid,130,NA,104462,104462,NA,NA,NA,NA,Energy Research & Social Science,journal,2214-6296,2025-12-01T00:00:00,2025-12-03T00:07:38.036990
S2764593084,ep,W4416931402,10.1016/j.erss.2025.104476,NA,NA,“It's time for the community to really get off the ground”: Insights of key actors on energy transition in Nunavik Inuit communities,2025,12/3/2025,article,en,0,30,1,1,4,NA,FALSE,FALSE,FALSE,TRUE,hybrid,131,NA,104476,104476,NA,NA,NA,NA,Energy Research & Social Science,journal,2214-6296,2025-12-03T00:00:00,2026-02-22T13:39:03.778224
S2764593084,ep,W4417487393,10.1016/j.erss.2025.104508,NA,NA,Repurposing mines for renewable energy: Socio-environmental implications for local communities in Australia and Germany,2025,12/19/2025,article,en,0,46,1,2,8,NA,FALSE,FALSE,FALSE,TRUE,hybrid,131,NA,104508,104508,NA,NA,NA,NA,Energy Research & Social Science,journal,2214-6296,2025-12-19T00:00:00,2026-02-20T08:17:22.645390
S2764593084,ep,W7119729413,10.1016/j.erss.2025.104496,NA,NA,Rethinking socio-cultural resistance: Systemic factors behind successful and failed transitions to toilet-linked anaerobic digesters in Nepal and India,2026,1/1/2026,article,en,0,73,2,4,7,0,FALSE,FALSE,FALSE,TRUE,hybrid,131,NA,104496,104496,Anaerobic Digestion and Biogas Production,Building and Construction,Engineering,Physical Sciences,Energy Research & Social Science,journal,2214-6296,2026-01-10T00:00:00,2026-02-26T08:16:20.718346
S2764593084,ep,W7124850027,10.1016/j.erss.2025.104515,NA,NA,Settler colonialism lock-in: Transitions and the prefiguring of settler futurities,2026,1/20/2026,article,en,0,73,1,0,2,0,FALSE,FALSE,FALSE,FALSE,closed,132,NA,104515,104515,"Indigenous Health, Education, and Rights",Health,Social Sciences,Social Sciences,Energy Research & Social Science,journal,2214-6296,2026-01-21T00:00:00,2026-01-22T23:29:09.771500
S2764593084,ep,W7125794875,10.1016/j.erss.2026.104544,NA,NA,No empty land: Comparing distributional outcomes of solar parks across land tenure regimes in India,2026,1/27/2026,article,en,0,55,1,1,2,0,FALSE,FALSE,FALSE,TRUE,hybrid,132,NA,104544,104544,"Agriculture, Land Use, Rural Development",General Agricultural and Biological Sciences,Agricultural and Biological Sciences,Life Sciences,Energy Research & Social Science,journal,2214-6296,2026-01-28T00:00:00,2026-01-29T23:13:10.619473
S2764593084,ep,W7125956662,10.1016/j.erss.2026.104553,NA,NA,Deconstructing the ivory tower: The liminal space between margins and centers in climate research,2026,1/28/2026,article,en,0,33,2,4,3,0,FALSE,FALSE,FALSE,TRUE,hybrid,132,NA,104553,104553,Feminist Epistemology and Gender Studies,Sociology and Political Science,Social Sciences,Social Sciences,Energy Research & Social Science,journal,2214-6296,2026-01-29T00:00:00,2026-01-29T23:17:01.242718
S2764593084,ep,W7126215813,10.1016/j.erss.2026.104569,NA,NA,When wind power is rejected: Sámi self-determination and restorative energy justice in Arctic Norway,2026,1/30/2026,article,en,0,38,1,0,1,0,FALSE,FALSE,FALSE,TRUE,hybrid,132,NA,104569,104569,Indigenous Studies and Ecology,General Health Professions,Health Professions,Health Sciences,Energy Research & Social Science,journal,2214-6296,2026-02-01T00:00:00,2026-02-01T03:38:14.988550
S2764593084,ep,W7126405440,10.1016/j.erss.2026.104557,NA,NA,How are Indigenous groups participating in large renewable energy project co-ownership? Mapping global progress,2026,2/1/2026,article,en,0,30,1,1,2,0,FALSE,FALSE,FALSE,TRUE,hybrid,132,NA,104557,104557,Social Acceptance of Renewable Energy,Sociology and Political Science,Social Sciences,Social Sciences,Energy Research & Social Science,journal,2214-6296,2026-02-02T00:00:00,2026-02-03T00:53:05.648605
S2764593084,ep,W7128474561,10.1016/j.erss.2026.104598,NA,NA,‘Are we part of the equality?’: Reimagining gender equality of energy transition,2026,2/10/2026,article,en,0,31,1,0,1,0,FALSE,FALSE,FALSE,TRUE,hybrid,133,NA,104598,104598,Gender Politics and Representation,Gender Studies,Social Sciences,Social Sciences,Energy Research & Social Science,journal,2214-6296,2026-02-11T00:00:00,2026-02-11T22:13:25.172316
S2764593084,ep,W7128683966,10.1016/j.erss.2026.104574,NA,NA,An inevitable future? The debate over mining for critical raw materials on Indigenous Sámi lands—A critical discourse analysis of Swedish news media,2026,2/13/2026,article,en,0,33,1,1,1,0,FALSE,FALSE,FALSE,FALSE,closed,133,NA,104574,104574,Mining and Resource Management,Building and Construction,Engineering,Physical Sciences,Energy Research & Social Science,journal,2214-6296,2026-02-13T00:00:00,2026-02-23T20:09:44.859080
S2764593084,ep,W7130519173,10.1016/j.erss.2026.104609,NA,NA,Rethinking the gender-energy nexus beyond the productive–reproductive binary: A mixed-methods study from rural Madagascar,2026,2/19/2026,article,en,0,45,1,2,4,0,FALSE,FALSE,FALSE,TRUE,hybrid,133,NA,104609,104609,Energy and Environment Impacts,Pollution,Environmental Science,Physical Sciences,Energy Research & Social Science,journal,2214-6296,2026-02-19T00:00:00,2026-02-20T06:18:38.638704
S2764593084,ep,W7131254535,10.1016/j.erss.2026.104618,NA,NA,"From just transition pledges to policy practice: A participatory case study applying the Energy Justice Framework in early-stage transition planning in Vilnius, Lithuania",2026,2/24/2026,article,en,0,99,1,1,2,0,FALSE,FALSE,FALSE,TRUE,hybrid,134,NA,104618,104618,Sustainability and Climate Change Governance,Global and Planetary Change,Environmental Science,Physical Sciences,Energy Research & Social Science,journal,2214-6296,2026-02-25T00:00:00,2026-02-25T06:22:25.187761
S2764593084,ep,W7131268414,10.1016/j.erss.2026.104624,NA,NA,Reclaiming the wind: Indigenous windmills in Iran and their lessons for renewable energy,2026,2/24/2026,article,en,0,50,1,1,4,0,FALSE,FALSE,FALSE,FALSE,closed,134,NA,104624,104624,Energy and Environment Impacts,Pollution,Environmental Science,Physical Sciences,Energy Research & Social Science,journal,2214-6296,2026-02-25T00:00:00,2026-02-25T21:11:00.739837
S167829764,ep,W4416623013,10.1016/j.eiar.2025.108273,NA,NA,An impact assessment and decision support tool for geothermal projects in Aotearoa,2025,11/25/2025,article,en,0,16,1,2,5,NA,FALSE,FALSE,FALSE,TRUE,hybrid,118,NA,108273,108273,NA,NA,NA,NA,Environmental Impact Assessment Review,journal,0195-9255,2025-11-25T00:00:00,2026-02-20T08:17:22.645390
S167829764,ep,W7124449485,10.1016/j.eiar.2026.108336,NA,NA,Capturing IPBES diverse values of nature for EIA by surfacing community values: A demonstration in Nigeria,2026,1/14/2026,article,en,0,48,2,0,4,0,FALSE,FALSE,FALSE,FALSE,closed,118,NA,108336,108336,Environmental and Social Impact Assessments,"Management, Monitoring, Policy and Law",Environmental Science,Physical Sciences,Environmental Impact Assessment Review,journal,0195-9255,2026-01-17T00:00:00,2026-01-17T23:15:25.596738
S2764911704,ep,W4417485854,10.1016/j.esr.2025.102006,NA,NA,Renewable energy impacts on Canada's remote areas: A review study,2025,12/19/2025,article,en,0,99,1,0,8,NA,FALSE,FALSE,FALSE,TRUE,gold,63,NA,102006,102006,NA,NA,NA,NA,Energy Strategy Reviews,journal,2211-467X,2025-12-19T00:00:00,2025-12-25T23:11:45.687758
S113876312,ep,W7129104360,10.1080/14693062.2026.2631012,NA,NA,How just are transition plans? An analysis of the energy transition and investment plans of Ghana and Kenya,2026,2/16/2026,article,en,0,62,1,2,3,0,FALSE,FALSE,FALSE,FALSE,closed,NA,NA,1,15,Energy and Environment Impacts,Pollution,Environmental Science,Physical Sciences,Climate Policy,journal,1469-3062,2026-02-17T00:00:00,2026-02-18T06:20:13.636215
S56205983,ep,W1502222163,10.1016/0308-597x(92)90045-q,NA,1502222163,Minimum terms and conditions of access,1992,7/1/1992,article,en,13,7,1,1,1,NA,FALSE,FALSE,FALSE,FALSE,closed,16,4,277,305,NA,NA,NA,NA,Marine Policy,journal,0308-597X,2025-10-10T00:00:00,2025-11-06T03:46:38.306776
S56205983,ep,W2057332856,10.1016/j.marpol.2015.02.013,NA,2057332856,Factors affecting local permit ownership in Bristol Bay,2015,3/18/2015,article,en,7,5,1,1,1,NA,FALSE,FALSE,FALSE,FALSE,closed,56,NA,71,77,NA,NA,NA,NA,Marine Policy,journal,0308-597X,2025-10-10T00:00:00,2025-11-06T03:46:38.306776
S56205983,ep,W7131355756,10.1016/j.marpol.2026.107095,NA,NA,Sustainable small-scale fisheries development: Integrating bioeconomic and DPSIR models for policy insights,2026,2/25/2026,article,en,0,69,1,1,3,0,FALSE,FALSE,FALSE,TRUE,hybrid,189,NA,107095,107095,Marine Bivalve and Aquaculture Studies,Global and Planetary Change,Environmental Science,Physical Sciences,Marine Policy,journal,0308-597X,2026-02-25T00:00:00,2026-02-25T21:15:32.979223
S153840704,ep,W2903946322,10.1016/j.cosust.2018.11.003,NA,2903946322,"Editorial overview: Relational values: what are they, and what’s the fuss about?",2018,12/1/2018,editorial,en,493,31,1,4,3,22.15472219,FALSE,FALSE,TRUE,TRUE,bronze,35,NA,A1,A7,Land Use and Ecosystem Services,Global and Planetary Change,Environmental Science,Physical Sciences,Current Opinion in Environmental Sustainability,journal,1877-3435,2025-10-10T00:00:00,2026-02-23T08:04:50.183275
S153840704,ep,W3014187200,10.1016/j.cosust.2020.03.007,NA,3014187200,Editorial overview: The science of actionable knowledge,2020,2/1/2020,editorial,en,39,21,1,1,3,4.64283145,FALSE,FALSE,FALSE,FALSE,closed,42,NA,A1,A5,Complex Systems and Decision Making,Management Science and Operations Research,Decision Sciences,Social Sciences,Current Opinion in Environmental Sustainability,journal,1877-3435,2025-10-10T00:00:00,2026-02-14T14:00:54.825952
S153840704,ep,W2536858378,10.1016/j.cosust.2016.10.001,NA,2536858378,Editorial overview: Transformations and co-design: Co-designing research projects on social transformations to sustainability,2016,6/1/2016,editorial,en,24,42,1,0,1,3.93035777,FALSE,FALSE,FALSE,FALSE,closed,20,NA,v,viii,Innovation and Socioeconomic Development,Business and International Management,"Business, Management and Accounting",Social Sciences,Current Opinion in Environmental Sustainability,journal,1877-3435,2025-10-10T00:00:00,2025-11-06T03:46:38.306776
S153840704,ep,W2579963366,10.1016/j.cosust.2015.10.001,NA,2579963366,Editorial overview: Open issue: Sustainability — from concept to practice,2015,6/1/2015,editorial,en,1,33,2,2,3,0,FALSE,FALSE,FALSE,TRUE,green,14,NA,v,vii,Forest Management and Policy,Global and Planetary Change,Environmental Science,Physical Sciences,Current Opinion in Environmental Sustainability,journal,1877-3435,2025-10-10T00:00:00,2026-02-09T09:26:11.010843
S153840704,ep,W4399782170,10.1016/j.cosust.2024.101450,NA,NA,Editorial overview: Navigating climate challenges for the future of food systems,2024,6/18/2024,editorial,en,0,19,1,3,3,0,FALSE,FALSE,FALSE,TRUE,hybrid,69,NA,101450,101450,Agriculture Sustainability and Environmental Impact,Ecology,Environmental Science,Physical Sciences,Current Opinion in Environmental Sustainability,journal,1877-3435,2025-10-10T00:00:00,2026-02-05T00:54:17.221276
S43379938,ep,W4415713692,10.1080/17565529.2025.2577258,NA,NA,Climate-energy justice intersections: critical perspectives on mini-grids transition in Ghana’s island communities,2025,10/30/2025,article,en,0,62,1,1,1,NA,FALSE,FALSE,FALSE,FALSE,closed,NA,NA,1,15,NA,NA,NA,NA,Climate and Development,journal,1756-5529,2025-10-30T00:00:00,2025-11-06T03:46:38.306776
S43379938,ep,W4415765328,10.1080/17565529.2025.2579629,NA,NA,The role of indigenous knowledge in seasonal weather forecasting and response to climatic stressors: insights from the Maasai agro-pastoralists in Northern Tanzania,2025,11/1/2025,article,en,0,30,1,1,3,NA,FALSE,FALSE,FALSE,FALSE,closed,NA,NA,1,19,NA,NA,NA,NA,Climate and Development,journal,1756-5529,2025-11-01T00:00:00,2025-11-06T03:46:38.306776
S43379938,ep,W4417097798,10.1080/17565529.2025.2592260,NA,NA,Adaptive labour: a typology of climate (im)mobilities and structured stillness in tourism contexts,2025,12/7/2025,article,en,0,26,1,2,1,NA,FALSE,FALSE,FALSE,FALSE,closed,NA,NA,1,11,NA,NA,NA,NA,Climate and Development,journal,1756-5529,2025-12-07T00:00:00,2025-12-08T23:26:33.048892
S43379938,ep,W7117995368,10.1080/17565529.2025.2604301,NA,NA,The ‘Single Adaptation Imaginary’ (SAI): mapping the contours of dominant adaptation,2026,1/2/2026,article,en,0,140,1,2,2,0,FALSE,FALSE,FALSE,FALSE,closed,NA,NA,1,17,"Shakespeare, Adaptation, and Literary Criticism",Literature and Literary Theory,Arts and Humanities,Social Sciences,Climate and Development,journal,1756-5529,2026-01-02T00:00:00,2026-01-03T23:08:47.215875
S133853345,ep,W7118619735,10.1007/s12053-025-10390-6,41523695,NA,Approaches to address the gap in research on energy use and racialization in the UK,2026,1/1/2026,article,en,0,51,3,1,3,0,FALSE,FALSE,FALSE,TRUE,hybrid,19,1,4,4,Social Acceptance of Renewable Energy,Sociology and Political Science,Social Sciences,Social Sciences,Energy Efficiency,journal,1570-646X,2026-01-08T00:00:00,2026-02-25T23:00:34.991745
S20798355,ep,W4416094917,10.1080/1523908x.2025.2583200,NA,NA,Uncertainty confounds justice: the offshore wind ‘Devil they don't know’ in the Northeast United States,2025,11/10/2025,article,en,0,51,1,2,6,NA,FALSE,FALSE,FALSE,TRUE,hybrid,NA,NA,1,21,NA,NA,NA,NA,Journal of Environmental Policy & Planning,journal,1522-7200,2025-11-10T00:00:00,2025-11-28T09:06:10.495917
S114851709,ep,W4417490795,10.1007/s11027-025-10259-0,NA,NA,Climate-smart agriculture adoption and technical efficiency of smallholder farms in Northern Togo,2025,12/19/2025,article,en,1,66,2,2,3,NA,FALSE,FALSE,FALSE,TRUE,hybrid,31,1,NA,NA,NA,NA,NA,NA,Mitigation and Adaptation Strategies for Global Change,journal,1381-2386,2025-12-19T00:00:00,2026-02-25T23:00:34.991745
S114851709,ep,W4415789020,10.1007/s11027-025-10261-6,NA,NA,From scarcity to sustainability: agriculture intensification for food security and climate resilience in drylands,2025,11/3/2025,article,en,0,424,1,1,4,NA,FALSE,FALSE,FALSE,FALSE,closed,30,8,NA,NA,NA,NA,NA,NA,Mitigation and Adaptation Strategies for Global Change,journal,1381-2386,2025-11-03T00:00:00,2026-02-20T08:17:22.645390
S114851709,ep,W7119465489,10.1007/s11027-025-10276-z,NA,NA,"Towards enhanced resilience, adaptation, and sustainability of farming ecosystems: assessment of the efficiency of specialized public institutions in weather and climate services delivery to smallholder farmers",2026,1/1/2026,article,en,0,69,1,1,5,0,FALSE,FALSE,FALSE,FALSE,closed,31,1,NA,NA,Climate change impacts on agriculture,"Ecology, Evolution, Behavior and Systematics",Agricultural and Biological Sciences,Life Sciences,Mitigation and Adaptation Strategies for Global Change,journal,1381-2386,2026-01-09T00:00:00,2026-01-10T23:39:48.068659
