"primary_topic_subfield","n_subfield"
"Anthropology",503
"Archeology",6
"Communication",598
"Cultural Studies",400
"Demography",663
"Development",431
"Education",1343
"Gender Studies",861
"General Social Sciences",72
"Geography, Planning and Development",144
"Health",1202
"Human Factors and Ergonomics",18
"Law",528
"Library and Information Sciences",39
"Linguistics and Language",135
"Political Science and International Relations",8004
"Public Administration",6591
"Safety Research",456
"Sociology and Political Science",11980
"Transportation",422
"Urban Studies",408
